code,module,title,origin,occurred_at,reason,strategy,department,priority,follow_up,status,source
IN001,"Agendamiento
(contact)",Reservas en otro Facility,Actualizacion,2026-05-27T12:00:00-04:00,"Problema de unificación de 057 y 067, sistema de cadenas en prestadores",-,Alma,media,solucionado en update de 15/06,resuelta,excel
IN002,"Agendamiento
(contact)",Formato Ingles fecha de nacimiento / error de validacion,Actualizacion,2026-05-27T12:00:00-04:00,problema de insercion de data,,Alma,media,solucionado en update de 15/06,resuelta,excel
IN003,Impresoras,Reemplazo de Impresoras,Operacion,2026-05-27T12:00:00-04:00,Desgaste y mal uso de impresora,Cambiar Impresoras Laser por Termica,GTI,baja,Solucionado,resuelta,excel
IN004,"Agendamiento
(contact)","No permite hacer agendamientos, Prestaciones tienen muchas opciones de agendamiento, lo que genera timeout y falta de capacidad instalada",Actualizacion,2026-05-28T12:00:00-04:00,,"Reduccion de capacidad en consulta, ecografias partes blandas",Alma,alta,validar con JMR,nueva,excel
IN005,"Agendamiento
(contact)",Sobrecupo no habilitado,Actualizacion,2026-05-28T12:00:00-04:00,Solo fue algunas cajas no se probo dental,,Alma,media,solucionado en update de 15/06,resuelta,excel
IN006,,Problema WordList - Equipo no era capaz de leer la cola,Recurrente,2026-05-29T12:00:00-04:00,"Algunos equipos tienen problemas de conectividad, es como un servicio correo, equipo medico va a buscar","Agregar TLS a la comunicacion, sticker",GTI,media,Solucionado,resuelta,excel
IN007,"Agendamiento
(contact)",Venta de dental - El que va a buscar el dato del derivador no lo encontraba API antigua,Actualizacion,2026-05-29T12:00:00-04:00,No se Probo,Revision y actualizacion de APIs antiguas,Alma,media,aclarar que API dental es diferente a API de Alma,nueva,excel
IN008,,Incompatibilidad de Equipos de Ginecologia,Actualizacion,2026-05-29T12:00:00-04:00,"CoreOS valida el nombre del serv, chrome actualizar","Inventario y obscolencia, hacer pedidas",GTI,media,Solucionado,resuelta,excel
IN009,,Incompatibilidad de PACS,Historico,2026-05-29T12:00:00-04:00,,,GTI,media,Solucionado,resuelta,excel
IN010,Agendamiento (contact),Confirmación automática no operativa (parcial),Operacion,2026-06-01T12:00:00-04:00,Proceso de confirmación no ejecutando correctamente (107/288),Revisar jobs y logs de automatización,Alma,media,Solucionado,resuelta,excel
IN011,Admisión / Tótem,Compra en tótem no genera Orden de Atención (ID),Operacion,2026-06-01T12:00:00-04:00,Flujo incompleto post pago / integración,Validar integración tótem-HIS,Alma,alta,Solucionado,resuelta,excel
IN012,Caja / Pagos,Error de comunicación Transbank caja 3,Operacion,2026-06-01T12:00:00-04:00,Problema de conectividad POS,Revisión de red y configuración terminal,GTI,media,Solucionado,resuelta,excel
IN013,Cardiología,Error al subir estudios Holter (Codepscs),Operacion,2026-06-01T12:00:00-04:00,Error aplicación o integración estudios,Revisar logs y servicio backend,Alma,alta,Solucionado,resuelta,excel
IN014,Agendamiento (contact),Persistencia agendamiento incorrecto entre 057 y 067,Actualizacion,2026-06-01T12:00:00-04:00,Reglas de negocio no corregidas completamente,Revisión lógica de agenda y auditoría,Alma,media,solucionado en update de 15/06,resuelta,excel
IN015,Pricing / Cotizador,Inconsistencia en precios de contraste (50ml vs 100ml),Actualizacion,2026-05-30T12:00:00-04:00,"Desalineación entre Excel, chatbot y sistema",Unificar fuente de precios,Comercial/Alma,media,Solucionado,resuelta,excel
IN016,Chatbot / WhatsApp,Bloqueo de cuenta Meta (API WhatsApp) en entorno DEV,Operacion,2026-05-30T12:00:00-04:00,Cuenta bloqueada por Meta impidiendo uso de API WhatsApp,Gestión con Meta / revisión compliance API / habilitación cuenta,Integraciones,media,Solucionado,resuelta,excel
IN017,Agendamiento / Caja,Paciente agendado no aparece en caja correcta (057 vs 067),Operacion,2026-06-02T12:00:00-04:00,Desalineación entre agenda y cajas,Revisar integración agenda-caja y mapping de sucursales,Alma,alta,solucionado en update de 15/06,resuelta,excel
IN018,Kioskos / Tótem,Caída de tótems sin venta en Talagante y La Cisterna,Operacion,2026-06-02T12:00:00-04:00,Falla API reportada por Mobius sin claridad de causa,Escalar con Mobius y revisar disponibilidad API,Integraciones,alta,Solucionado,resuelta,excel
IN019,Caja / IMED,Venta se registra en cajero incorrecto (usuario antiguo),Operacion,2026-06-02T12:00:00-04:00,Problema de actualización de usuario en sistema,Revisión de sincronización de usuarios,Integraciones,media,Solucionado,resuelta,excel
IN020,Caja / IMED,"No genera venta, bono ni boleta en sucursal LC",Operacion,2026-06-02T12:00:00-04:00,Falla en flujo de emisión de documentos,Escalar con desarrollo Mobius,Integraciones,alta,Solucionado,resuelta,excel
IN021,Dental / Facturación,Boletas no reflejan profesional correcto,Operacion,2026-06-02T12:00:00-04:00,Error de asignación de profesional en sistema,Revisión lógica de configuración de prestadores,Alma,media,Solucionado,resuelta,excel
IN022,Caja,Error 500 que impide ingreso a cajas (múltiples cajeros),Operacion,2026-06-02T12:00:00-04:00,Error backend / servicio cajas,Revisión logs backend + servicios de autenticación,Alma,alta,Solucionado,resuelta,excel
IN023,Caja,"No permite operar cajas, venta manual directa",Operacion,2026-06-02T12:00:00-04:00,Caída parcial sistema caja,Contingencia manual + estabilización sistema,Alma,alta,Solucionado,resuelta,excel
IN024,Worklist / Exámenes,Caída de worklist en BOX 1 – La Cisterna,Operacion,2026-06-02T12:00:00-04:00,Falla en servicio de integración clínica,Revisión conectividad + servicio worklist,GTI,alta,Solucionado,resuelta,excel
IN025,Chatbot / IA / Cotizador,Cotización incorrecta (113.060 vs 31.750 Fonasa),Actualizacion,2026-06-02T12:00:00-04:00,Error en reglas IA / formato especial no considerado,Re-entrenamiento + validaciones,Integraciones / Comercial,alta,Solucionado,resuelta,excel
IN026,Kioskos / Plataforma,Inestabilidad intermitente en Talagante (caídas parciales),Operacion,2026-06-02T12:00:00-04:00,Inestabilidad API / plataforma Mobius,Monitoreo + revisión SLA proveedor,Integraciones,media,Solucionado,resuelta,excel
IN027,Caja,Error 500 en cajas (múltiples cajeros afectados),Operacion,2026-06-03T12:00:00-04:00,Error en servicio backend de cajas,Revisión de logs y servicios backend,Alma,alta,Solucionado,resuelta,excel
IN028,Worklist / Exámenes,Caída de worklist en BOX 1 La Cisterna (ingreso manual),Operacion,2026-06-03T12:00:00-04:00,"Falla en integración, conectividad OK",Revisión integración worklist-agenda,GTI / Alma,alta,Solucionado,resuelta,excel
IN029,Kioskos / Plataforma,Caída total en Talagante (ticket POS-2944),Operacion,2026-06-03T12:00:00-04:00,Falla plataforma/API,Escalamiento a Mobius + monitoreo,Integraciones,alta,Solucionado,resuelta,excel
IN030,Chatbot / IA / Cotizador,Cotización incorrecta Fonasa (113.060 vs 31.750),Actualizacion,2026-06-03T12:00:00-04:00,Reglas IA no consideran formatos especiales,Reentrenamiento + validaciones,Integraciones / Comercial,alta,Solucionado,resuelta,excel
IN031,Tótem,Módulo 3 no finaliza correctamente flujo (requiere workaround),Operacion,2026-06-03T12:00:00-04:00,Error en flujo UI/UX,Corrección de lógica en tótem,Integraciones,media,Solucionado,resuelta,excel
IN032,Agendamiento,Agendamientos fantasma en agenda,Operacion,2026-06-04T12:00:00-04:00,Inconsistencia en generación de agenda,Auditoría y limpieza de agendas,Alma,alta,solucionado en update de 15/06,resuelta,excel
IN033,Agendamiento,No permite eliminar agendas/reagendar,Operacion,2026-06-04T12:00:00-04:00,Error en gestión de agenda,Revisión permisos/lógica backend,Alma,alta,incluido en update de calendario V7,resuelta,excel
IN034,Infraestructura,Scanner caja 2 requiere configuración,Operacion,2026-06-04T12:00:00-04:00,Configuración incompleta,Configuración técnica,GTI,baja,Solucionado,resuelta,excel
IN035,Infraestructura,Pantalla segundo piso en negro/intermitente,Operacion,2026-06-04T12:00:00-04:00,Falla hardware,Reemplazo equipo,GTI,baja,Solucionado,resuelta,excel
IN036,IMED / Integración,Latencia IMED en múltiples cajas,Operacion,2026-06-05T12:00:00-04:00,Retraso servicio externo,Monitoreo y ajuste,Integraciones,media,Solucionado,resuelta,excel
IN037,Infraestructura,Multibrowser se desconecta sin intervención,Operacion,2026-06-08T12:00:00-04:00,Inestabilidad aplicación,Análisis técnico,GTI,media,Solucionado,resuelta,excel
IN038,Impresoras,Error tambor no original + mala impresión,Operacion,2026-06-08T12:00:00-04:00,Insumo no compatible,Reemplazo insumo,GTI,baja,Solucionado,resuelta,excel
IN039,Linkmanager,Error 400 al subir informes,Operacion,2026-06-09T12:00:00-04:00,Querys lentos,Optimización backend,Alma,alta,solucionado en update de 15/06,resuelta,excel
IN040,Red / Conectividad,Intermitencia internet caja 057,Operacion,2026-06-09T12:00:00-04:00,Problema red,Revisión red,GTI,media,Solucionado,resuelta,excel
IN041,Red / Infraestructura,Falla WiFi oficina,Operacion,2026-06-10T12:00:00-04:00,Problema red interna,Revisión access points,GTI,media,Solucionado,resuelta,excel
IN042,Agendamiento,No permite anular horas (intermitente),Operacion,2026-06-10T12:00:00-04:00,Error funcional,Revisión backend,Alma,media,Solucionado,resuelta,excel
IN043,Infraestructura,Mac mini con problema scanner,Operacion,2026-06-10T12:00:00-04:00,Error configuración,Restauración sistema,GTI,baja,Solucionado,resuelta,excel
IN044,Exámenes / Clínica,No se puede subir info de exámenes (solo imágenes),Operacion,2026-06-10T12:00:00-04:00,Falla sistema clínico,Contingencia + revisión,Alma,alta,Solucionado,resuelta,excel
IN045,Impresoras,Falla persistente impresora módulo 4,Operacion,2026-06-11T12:00:00-04:00,Desgaste equipo,Reparación/reemplazo,GTI,baja,Solucionado,resuelta,excel
IN046,Agendamiento,Usuario no puede agendar días futuros,Operacion,2026-06-12T12:00:00-04:00,Restricción/bug,Revisión configuración usuario,Alma,media,solucionado en update de 15/06,resuelta,excel
IN047,Worklist / Exámenes,Pacientes pagados no aparecen en worklist,Operacion,2026-06-13T12:00:00-04:00,Delay integración,Revisión sincronización,Alma / GTI,alta,Solucionado,resuelta,excel
IN048,Red / Conectividad,Corte fibra Entel Talagante,Operacion,2026-06-15T12:00:00-04:00,Corte físico enlace,Contingencia y redundancia,GTI,alta,Solucionado,resuelta,excel
IN049,Infraestructura Clínica,PC dental con falla,Operacion,2026-06-15T12:00:00-04:00,Falla hardware,Respaldo + recambio,GTI / Clínica,baja,Solucionado,resuelta,excel
IN050,Caja / Bonos,Delay en valorización de bonos,Operacion,2026-06-22T12:00:00-04:00,Retraso proceso,Revisión integración,Alma,media,Solucionado,resuelta,excel
IN051,Laboratorio,Error en emisión de códigos laboratorio,Operacion,2026-06-22T12:00:00-04:00,Falla generación,Revisión lógica,Alma,alta,Solucionado,resuelta,excel
IN052,Telefonía / Anexos,Anexo telefónico de caja 4332 no funciona,Operacion,2026-06-23T12:00:00-04:00,"Falla de conectividad, configuración o equipo telefónico del anexo",Revisión remota de configuración y cableado; coordinar visita técnica si persiste,GTI,baja,Solucionado,resuelta,excel
IN053,Worklist / Exámenes,Box 8 sin worklist,Operacion,2026-06-24T12:00:00-04:00,Falla de comunicación o sincronización entre el equipo clínico y el servicio de worklist,"Revisar conectividad, servicio local, cola de trabajo e integración con el sistema clínico",GTI / Alma,alta,Solucionado,resuelta,excel
IN054,Audio / Infraestructura,Altavoces del primer piso no operativos,Operacion,2026-06-24T12:00:00-04:00,Falla o desactivación temporal del sistema de audio del primer piso,Validar configuración y conectividad; documentar solución aplicada y monitorear recurrencia,GTI,baja,Solucionado,resuelta,excel
IN055,Impresoras,Impresora nueva de la PDE imprime doble las citas,Operacion,2026-06-24T12:00:00-04:00,"Configuración incorrecta del driver, número de copias o plantilla de impresión de citas","Revisar driver, preferencias de impresión y configuración específica del módulo de citas",GTI,media,Solucionado,resuelta,excel
IN056,Agendamiento,Reagendamientos no quedan registrados después de anular una cita y tomar una nueva hora,Operacion,2026-06-24T12:00:00-04:00,Falla de persistencia o sincronización del nuevo agendamiento después de la anulación,"Revisar flujo anulación-reagendamiento, logs y transacciones; validar que la nueva hora quede registrada y no como sobrecupo",Alma,alta,incluido en update de calendario V7,resuelta,excel
IN057,App Maipo Salud / Resultados,"Examen Eco Transvaginal validado no se visualiza en la app, aunque el resto de los exámenes sí aparece",Operacion,2026-06-24T12:00:00-04:00,"Falla de publicación, sincronización o asociación del resultado validado con la ficha del paciente en la app","Realizar trazabilidad con ID de atención y paciente; revisar validación, publicación e integración entre sistema clínico y app",IT,alta,actualizacion de API 03/07,resuelta,excel
IN058,Información de prestaciones,Sistema o canal informa disponibilidad de tratamiento inyectable que Maipo Salud no realiza,Actualizacion,2026-06-24T12:00:00-04:00,Catálogo o regla de atención desactualizada permite ofrecer una prestación no disponible,"Bloquear la prestación en todos los canales, corregir catálogo y validar que no vuelva a ser agendada o informada",Alma / Comercial,alta,Solucionado,resuelta,excel
IN059,Agendamiento,"Reaparición: los reagendamientos no quedan registrados en agenda web, chatbot ni app",Operacion,2026-06-24T12:00:00-04:00,Incidente recurrente y transversal a todos los canales de agendamiento,"Registrar casos con RUT, prestación y fecha; revisar lógica común de anulación y reagendamiento en todos los canales",Alma / Integraciones,alta,Solucionado,resuelta,excel
IN060,Worklist / Exámenes,Reaparición: Box 8 continúa sin worklist; conectividad descartada,Operacion,2026-06-24T12:00:00-04:00,"Falla recurrente no asociada a conectividad; probable problema de servicio, cola, configuración o integración","Revisar servicio local, cola de trabajo, configuración del equipo e integración clínica",GTI / Alma,alta,Solucionado,resuelta,excel
IN061,Impresoras,Reaparición: impresora nueva de la PDE continúa con problemas,Operacion,2026-06-24T12:00:00-04:00,Falla persistente del mismo equipo después de revisiones previas,"Registrar recurrencia, revisar driver y configuración; escalar a reparación o reemplazo si persiste",GTI,media,Solucionado,resuelta,excel
IN062,Resultados / nPACS / App,Prestaciones de Ginecología y Cardiología informadas en Alma no actualizan estado en nPACS y pueden no visualizarse en web o app,Actualizacion,2026-06-24T12:00:00-04:00,"La integración fue implementada sin sincronización de estado desde Alma hacia nPACS; web y app consultan el estado en Alma, pero existe inconsistencia en el flujo","Revisar arquitectura e integración Alma-nPACS-web-app; definir fuente oficial de estado, disponibilidad de API y sincronización para Ginecología y Cardiología",Alma / Integraciones,alta,revision caso especifico,nueva,excel
IN063,Agendamiento / Configuración de agenda,"Consulta médica de formación en medicina interna cambió intervalos de 20 a 15 minutos, generando horas incorrectas",Operacion,2026-06-24T12:00:00-04:00,Cambio no controlado o configuración incorrecta en la duración de los bloques de agenda,"Revertir duración a 20 minutos, revisar quién o qué proceso modificó la configuración y validar las horas ya creadas",Alma,media,Operaciones,nueva,excel
IN064,Agendamiento web,La web volvió a agendar la misma prestación a la misma hora con dos tecnólogos médicos distintos,Operacion,2026-06-24T12:00:00-04:00,"Falla de validación de disponibilidad, concurrencia o bloqueo de agenda entre profesionales y prestación","Revisar reglas de colisión, disponibilidad y bloqueo transaccional; identificar casos afectados y corregir sobreagendamientos",Alma / Integraciones,alta,actualizacion de API 03/07,resuelta,excel
IN065,Impresoras,Reaparición: impresora nueva de la PDE continúa con falla y requiere reinstalar temporalmente la impresora antigua,Operacion,2026-06-25T12:00:00-04:00,Tóner defectuoso de fábrica en la impresora nueva,"Cambiar tóner defectuoso, validar operación y gestionar garantía si la falla vuelve a presentarse",GTI,baja,Solucionado,resuelta,excel
IN066,Agendamiento web,Reaparición: otro paciente quedó con dos horas para la misma prestación,Operacion,2026-06-25T12:00:00-04:00,"Persistencia de falla en validación de duplicidad para paciente, sucursal, prestación y día","Revisar caso específico, corregir reservas duplicadas y validar reglas de bloqueo en la web",Alma / Integraciones,alta,actualizacion de API 03/07,resuelta,excel
IN067,Agendamiento,Reaparición: Dra. Mutis presenta dobles agendamientos; se reportan dos casos durante el día,Operacion,2026-06-26T12:00:00-04:00,Falla recurrente de control de duplicidad o asignación incorrecta de prestaciones y horarios,"Conservar casos para trazabilidad, revisar reservas y corregir regla de validación antes de anular",Alma,alta,actualizacion de API 03/07,resuelta,excel
IN068,Agendamiento / Módulos,Módulo de las 11:30 aparece con estado desconocido,Operacion,2026-06-26T12:00:00-04:00,Estado de reserva o módulo no reconocido por el sistema,"Revisar logs, estado de la reserva y reglas de transición; corregir registros con estado inválido",Alma,media,actualizacion de API 03/07,resuelta,excel
IN069,Agendamiento web,Reaparición: la plataforma vuelve a permitir doble agendamiento; se reporta nuevamente durante la misma jornada,Operacion,2026-06-30T12:00:00-04:00,La corrección anterior no eliminó completamente la falla de duplicidad de reservas,"Analizar nuevos casos, revisar concurrencia y desplegar corrección definitiva con monitoreo posterior",Alma / Integraciones,alta,actualizacion de API 03/07,resuelta,excel
IN070,Pacientes / Datos maestros,Solicitud de unificar información de paciente,Operacion,2026-07-01T12:00:00-04:00,Posible duplicidad o fragmentación de la información del paciente entre registros,"Identificar registros involucrados, validar identidad y consolidar la ficha manteniendo trazabilidad",Alma,alta,Solucionado,resuelta,excel
IN071,Agendamiento,Agenda de Eco Abdominal en sucursal La Florida presenta horario 00:00,Operacion,2026-07-01T12:00:00-04:00,Configuración o generación incorrecta del horario de agenda,"Revisar agenda creada, trazabilidad del usuario que la modificó y corregir bloques horarios afectados",Alma,media,Solucionado,resuelta,excel
IN072,Agendamiento,Agendas previamente creadas desaparecen o deben volver a crearse; caso reportado para Dr. Jhon y ecografías generales,Operacion,2026-07-02T12:00:00-04:00,"Posible eliminación, sobrescritura o falla de persistencia en la configuración de agendas","Auditar cambios, usuarios y logs; recuperar agendas afectadas y bloquear eliminaciones no controladas",Alma,alta,incluido en update de calendario V7,resuelta,excel
IN073,Agendamiento,"Agenda del Dr. Quintero está creada, pero no se refleja para la toma de horas del sábado",Operacion,2026-07-02T12:00:00-04:00,"Falla de publicación, sincronización o visibilidad de la agenda","Revisar estado de publicación, vigencia, sucursal y reglas de disponibilidad para toma de horas",Alma,alta,incluido en update de calendario V7,resuelta,excel
IN074,Scanner / Grabación CD,Error al grabar CD de scanner; se utiliza grabación en rayos como contingencia,Operacion,2026-07-03T12:00:00-04:00,"Falla de hardware, software o unidad de grabación asociada al scanner","Revisar unidad, aplicación y permisos; mantener contingencia en rayos hasta recuperar el servicio",GTI / Clínica,media,Solucionado,resuelta,excel
IN075,Cotizador,Cotizador no está operativo,Operacion,2026-07-04T12:00:00-04:00,Caída o indisponibilidad del servicio de cotización,"Revisar disponibilidad, integraciones y logs; restablecer servicio y validar cotizaciones",Alma / Integraciones,alta,Solucionado,resuelta,excel
IN076,Tótem / Impresoras,Impresora del tótem de números no está operativa,Operacion,2026-07-06T12:00:00-04:00,Falla de conexión o contacto en cableado; equipo recuperado tras reinicio y ajuste de cables,"Revisar cableado y fijaciones, documentar solución y monitorear recurrencia",GTI,baja,Solucionado,resuelta,excel
IN077,Impresoras,Impresora del box 14 funciona mal,Operacion,2026-07-07T12:00:00-04:00,Falla de funcionamiento de impresora en box 14,"Revisar equipo, se coordina revisión presencial al llegar de Talagante",GTI,baja,Solucionado,resuelta,excel
IN078,Bono Electrónico,Inconvenientes en venta de Bono Electrónico para beneficiarios Fonasa,Operacion,2026-07-08T12:00:00-04:00,Falla o intermitencia en el servicio de venta de Bono Electrónico Fonasa,Capa de mitigación activada desde las 17:00 hrs; no aplica para Programa Médico Fonasa (posibles intermitencias); equipo monitoreando,Alma / Integraciones,alta,Solucionado,resuelta,excel
IN079,App Maipo Salud / Registro,Creación de cuenta bloqueada por dependencia de verificación de correo electrónico,Operacion,2026-07-09T12:00:00-04:00,"El registro de cuenta nueva exige verificar el correo electrónico antes de continuar, pero el flujo de verificación no se completa correctamente, bloqueando la creación de la cuenta",Revisar el envío/validación del correo de verificación y su dependencia en el flujo de registro,Alma / Integraciones,media,Solucionado,resuelta,excel
IN080,Agendamiento / Calendario nuevo,Paciente pagado en cajero de autoatención no aparece disponible para abrir ficha clínica en perfil médico,Operacion,2026-07-09T12:00:00-04:00,Inconsistencia o corrupción de datos del paciente en la vista del calendario nuevo,"Revisar registro del paciente, trazabilidad y consistencia entre calendario nuevo y ficha clínica",Alma,alta,Solucionado,resuelta,excel
IN081,Audio / Infraestructura,Altavoces no operativos,Operación,2026-07-09T12:00:00-04:00,Sistema de audio sin funcionamiento,Validar configuración y conectividad; revisar equipo,GTI,baja,Solucionado,resuelta,excel
IN082,Pricing / Cotizador,Reaparición: inconsistencia en el valor del contraste entre sistemas,Actualizacion,2026-07-09T12:00:00-04:00,Sistema muestra solo valor total debiendo mostrar valor de contraste y valor total,Unificar la fuente de precios entre sistema interno y cotizador web para evitar recurrencia,Comercial / Alma,media,,nueva,excel
IN083,Red / Conectividad,Alma caído en sucursal La Florida por falla de networking/latencia,Operacion,2026-07-09T12:00:00-04:00,Sistema Alma no disponible en sucursal La Florida; no se descarta si la causa fue una caída de red (networking) o un problema de latencia; ambas posibilidades quedan abiertas,Se restableció el servicio en aproximadamente 6 minutos; registrado como posible falla de networking o latencia; se requiere revisión técnica para determinar causa exacta y monitorear recurrencia,Alma,media,Solucionado,resuelta,excel
IN084,App/Web Maipo Salud / Registro,"Paciente no logra registrarse en página web ni app (posible caso urgente, TAC)",Operacion,2026-07-09T12:00:00-04:00,Cliente intentó registrarse tanto en la página web como en la app y no tuvo éxito en ninguna. Matías plantea como hipótesis que el error se produce por falta de un formato validado en el campo Fecha de nacimiento; posible relación con IN079 (bloqueo de registro por verificación de correo).,"Revisar con Amaro el formulario de registro en ambos canales (web y app), validando específicamente el formato del campo fecha de nacimiento; priorizar por tratarse de un caso con urgencia médica; datos del paciente disponibles por canal interno",GTI,alta,Solucionado,resuelta,excel
IN085,App Maipo Salud/Registro,Registro de usuario falla con error generico pese a cumplir todos los requisitos y corregir correo/fecha,Operacion,2026-07-10T12:00:00-04:00,"Al intentar crear la cuenta en la app, tras verificar el correo y corregir el formato de fecha de nacimiento (seguimiento de IN083), el sistema sigue mostrando el error generico Error: No se pudo registrar el usuario. Verifica que todos los datos sean correctos, aun cumpliendo todos los requisitos de contrasena (minimo 8 caracteres, mayuscula, minuscula, caracter especial y numero). Esto descarta el formato de fecha como causa unica","Revisar con Amaro creacion de usuario (logs del servicio de registro), ya que el formulario cumple todas las validaciones visibles pero la creacion sigue fallando; el mensaje de error no indica que campo especifico causa el rechazo",GTI,alta,Solucionado,resuelta,excel
IN086,Totem,Totem no genera ticket de atencion,Operacion,2026-07-10T12:00:00-04:00,"El totem de MaipoSalud muestra el mensaje Imposible generar el ticket de atencion. Por favor contacte al administrador, impidiendo que los pacientes obtengan su numero de atencion",Contactar al administrador del sistema segun indica el mensaje de error; revisar servicio de generacion de tickets del totem y su conectividad/integracion,GTI,media,Solucionado,resuelta,excel
IN087,Impresoras,Reaparicion: impresora se apaga nuevamente,Operacion,2026-07-10T12:00:00-04:00,La impresora se apago nuevamente,En contacto con Mobius para revisar la causa de los apagones recurrentes de la impresora,GTI,media,Solucionado,resuelta,excel
IN088,Laboratorio / Labytec,Examenes de laboratorio Labytec no se visualizan desde el encuentro medico,Operacion,2026-07-10T12:00:00-04:00,"El Dr. Goenaga reporta que no puede visualizar los examenes de laboratorio de Labytec; se confirma que el problema ocurre especificamente al consultar desde el encuentro medico (no desde la pagina propia de Labytec), donde aparece Laboratorio - Sin Datos",Revisar la integracion entre Labytec y el modulo de encuentro medico; validar si el problema es de sincronizacion o de disponibilidad de datos para ese canal especifico,Alma / Integraciones,alta,Solucionado,resuelta,excel
IN089,Scanner / Grabacion CD,Reaparicion: grabador de CD de scanner no operativo,Operacion,2026-07-10T12:00:00-04:00,"El grabador de CD del scanner vuelve a no estar operativo; reaparicion del mismo problema reportado en IN074 (03-07-2026), donde se uso grabacion en rayos como contingencia",Revisar equipo/unidad de grabacion; evaluar contingencia de grabacion en rayos mientras se resuelve; escalar dada la recurrencia del problema,GTI / Clinica,media,Solucionado,resuelta,excel
IN090,Impresoras,Impresora de caja 2 con papel atascado en el fusor,Operacion,2026-07-11T12:00:00-04:00,"La impresora de caja 2 presento mal funcionamiento; se reemplazo temporalmente por otra impresora administrativa. Al revisar, se encontro papel atascado dentro del fusor, generalmente causado por atasco o por apurar la impresion",Se realiza limpieza y revision del equipo para luego reinstalar y devolver la impresora administrativa prestada,GTI,baja,Solucionado,resuelta,excel
IN091,Laboratorio / Labytec,Ver Informe de laboratorio (Resultados Unificados) da error Not Found por URL mal construida,Operacion,2026-07-13T12:00:00-04:00,"Al presionar Ver Informe en Laboratorio (Resultados Unificados), el sistema arroja Not Found. La URL solicitada es /emr/pages/https://www.labytec.cl/Portal/alma/getExaAlma.php?id=2132835&rut=12703424&codSeccion=HEM, es decir, se antepone la ruta local /emr/pages/ a la URL externa completa de Labytec en vez de navegar directamente a ese enlace. Es un bug de construccion de URL en el modulo de Resultados Unificados",Corregir la construccion del enlace Ver Informe para que use directamente la URL externa de Labytec sin anteponer la ruta local /emr/pages/; validar en todos los tipos de examen,Alma,alta,Solucionado,resuelta,excel
IN092,Agendamiento web,Paciente agendada via web en un horario que no corresponde al intervalo configurado de la agenda,Operacion,2026-07-13T12:00:00-04:00,"Paciente Paola Liliana Espoz quedo agendada a las 16:45 para Consulta Medicina General (formacion Ginecologia), pero la agenda esta configurada con intervalos de 10 minutos, por lo que no deberia haber sido posible agendar en ese horario. Posible relacion con IN063 (cambio no controlado en intervalos de agenda)",Revisar como el sistema permitio la reserva fuera del intervalo configurado; validar si la agenda de esa fecha/profesional tiene una configuracion de intervalo distinta a la esperada,Alma / IT,media,,nueva,excel
IN093,Chat Bot / Agendamiento,Chatbot (Ivy) ofrece y confirma horas de agendamiento sin verificar si existe agenda real,Operacion,2026-07-13T12:00:00-04:00,"Reporta que esta dando horas cuando no hay agenda. Adicionalmente, el mensaje de preparacion del examen mostro artefactos de formato sin procesar en lugar de saltos de linea, visibles directamente en el chat con el paciente",Validar con Alma/desarrollo si la disponibilidad que muestra el chatbot consulta la agenda real o una fuente desactualizada/cacheada; corregir el procesamiento de saltos de linea en los textos de preparacion antes de enviarlos por WhatsApp; relacionado con deuda tecnica de Chat Bot (DT001),IT,alta,,nueva,excel
IN094,Red / Conectividad,"Internet en Talagante se cae de forma intermitente todos los días, afectando continuidad de venta y atención",Operacion,2026-07-14T12:00:00-04:00,Problema identificado en el switch de comunicaciones de recepción,Monitoreo en curso; visita técnica coordinada para la tarde del 14-07 a fin de revisar/reemplazar switch,GTI,media,Solucionado,resuelta,excel
IN095,Agendamiento,Paciente queda con dos horas para la misma prestación (Ecocardiograma) en días distintos — hoy con Dra. Mutis y mañana con Dr. Aliste,Operacion,2026-07-14T12:00:00-04:00,"La validación de duplicidad de reservas no contempla la misma prestación agendada en fechas diferentes, solo el mismo día (relacionado con IN066/IN067/IN069)","Revisar caso urgente, anular la hora duplicada según indicación médica; ampliar la regla de validación de duplicidad para que cubra la misma prestación sin importar el día",Alma / Integraciones,media,,nueva,excel
IN096,nPACS / Alma,Examenes realizados no se registran/visualizan en ficha de Alma (asociados a una TM especifica),Operacion,2026-07-14T12:00:00-04:00,"Se detecto que ciertas prestaciones registradas en nPACS (ej. ACC 10402364, Ecografia Mamaria Bilateral con Doppler, paciente Roman Mesina Ivonne Fabiola, RUT 12685932-5, realizada 11-07-2026) no aparecen en la ficha del paciente en Alma. Se identifico que los casos detectados corresponden a examenes realizados por la misma tecnologa medica (TM Paula Sandoval). Van 2 casos reportados desde el dia anterior sin respuesta aun",Juan enviara correo con el detalle del caso; Hugo debe revisar por que las prestaciones realizadas por esta TM especifica no estan sincronizando hacia Alma,Alma / Integraciones,alta,Solucionado,resuelta,excel
IN097,Agendamiento / RX,"No se pueden tomar horas de RX para el dia de hoy desde Contact, pese a mostrar disponibilidad",Operacion,2026-07-14T12:00:00-04:00,"El sistema Contact muestra horas disponibles de RX para el dia (bloques de 5 minutos), pero al intentar concretar la reserva aparece el error No es posible concretar tu reserva, porque ya tienes una cita para la misma prestacion (ID: 3016978), bloqueando el agendamiento para las operarias. Matias logro agendar unicamente a traves de Alma 5.4 (version distinta del sistema), lo que sugiere que el problema es especifico del modulo Contact/BBDD y no de disponibilidad real","Hugo debe revisar la base de datos para identificar por que el sistema considera que ya existe una cita para la misma prestacion, bloqueando nuevas reservas legitimas de las operarias",Alma / Integraciones,alta,Solucionado,resuelta,excel
IN098,Agendamiento,Holter Arritmia Talagante abierta pese a estar bloqueada,Actualizacion,2026-07-15T12:00:00-04:00,Agenda bloqueada pero muestra cupos disponibles (imágenes adjuntas),Revisar bloqueos y sincronización,Alma,media,Solucionado,resuelta,excel
IN099,Agendamiento / Alma,Profesional aparece con horas disponibles en sucursal incorrecta para el horario/turno,Operacion,2026-07-15T12:00:00-04:00,"Se confirmo que la causa es un error de sucursal: Pedro Cruz atiende en Talagante en la manana (AM) y recien pasa a La Florida en la tarde (PM), por lo que el sistema lo mostro disponible en la sucursal y turno equivocados",Revisar por que el sistema asigna/muestra al profesional en una sucursal distinta a la que corresponde segun su turno real (AM Talagante / PM La Florida); validar la configuracion de turnos por sucursal para todos los profesionales con doble sede,Alma / Integraciones,media,Solucionado,resuelta,excel
IN100,Telefonia / Central telefonica,Central telefonica de La Florida requirio reinicio,Operacion,2026-07-16T12:00:00-04:00,La central telefonica de la sucursal La Florida dejo de funcionar y se reinicio,Se reinicio la central telefonica; quedo operativa,GTI,baja,Solucionado,resuelta,excel
IN101,Infraestructura / PC,Equipo nuevo en Talagante Box 4 con fecha y hora de BIOS incorrecta,Operacion,2026-07-17T12:00:00-04:00,"Equipo nuevo en sucursal Talagante Box 4 presento un comportamiento a revisar; se identifico que la fecha y hora configurada en la BIOS estaba incorrecta. Patricio Labbe se encontraba en sucursal y se le solicito corregirlo, pero ya se habia retirado al momento de coordinar la revision",Corregir fecha y hora de BIOS en el equipo; coordinar con Patricio Labbe u otro tecnico disponible en sucursal para aplicar el ajuste,GTI,baja,Solucionado,resuelta,excel
IN102,Administracion / Usuarios,Boton Asignar prestacion no carga en Listado de Usuarios,Operacion,2026-07-17T12:00:00-04:00,"Al hacer clic en el boton de asignar prestacion (icono naranja) para el usuario Daniela Pavez (ID 10411, RUT 19179628-4) en el Listado de Usuarios, el boton no carga ni responde",Revisar el componente/endpoint asociado al boton de asignar prestacion en el panel de usuarios; validar si el problema es general o especifico de este usuario,Alma,media,Solucionado,resuelta,excel
IN103,Agendamiento / Alma,"Reaparicion: Pedro Cruz Gonzalez aparece disponible en La Florida en horario AM, cuando su turno de manana es en Talagante",Operacion,2026-07-18T12:00:00-04:00,"Se reporto nuevamente a Pedro Cruz Gonzalez con multiples horas disponibles en La Florida durante la manana del 18-07-2026 (Ecografia Mamaria Bilateral, bloques desde 09:00 hasta pasadas las 15:00), pese a que su turno AM corresponde a Talagante (ver IN099). Se plantea como hipotesis que la informacion podria corresponder a datos de un dia anterior no actualizados",Confirmar si la disponibilidad mostrada corresponde a datos desactualizados (cache) o si el error de asignacion de sucursal/turno de IN099 no quedo resuelto de forma definitiva; validar en tiempo real,Alma,media,Solucionado,resuelta,excel
IN104,Agendamiento,"Agenda del Dr. Quintero sigue mostrando disponibilidad pese a bloqueo, y no aparece creada en el sistema (fantasma)",Operacion,2026-07-18T12:00:00-04:00,"El Dr. Quintero sigue apareciendo disponible para toma de horas pese a que se informo que su agenda de hoy debia estar bloqueada; al revisar, la agenda no aparece creada en el sistema (agenda fantasma). Posible relacion con IN032 (agendamientos fantasma) e IN073 (agenda del Dr. Quintero ya reportada previamente con problemas de visibilidad)",Revisar por que se muestra disponibilidad para una agenda que no esta creada en el sistema; investigar relacion con incidencias previas de agendas fantasma para el mismo profesional,Alma,alta,Solucionado,resuelta,excel
IN105,Agendamiento,No se refleja el profesional Jose Sepulveda para toma de horas,Operacion,2026-07-20T12:00:00-04:00,"El profesional Jose Sepulveda no se refleja/aparece disponible para toma de horas, impidiendo agendar pacientes con el",Revisar configuracion y publicacion de la agenda de Jose Sepulveda; validar por que no aparece disponible para reserva,Alma,media,Solucionado,resuelta,excel
IN106,Totem,Totem no genera ticket de atencion,Operacion,2026-07-20T12:00:00-04:00,"El totem de MaipoSalud muestra el mensaje Imposible generar el ticket de atencion. Por favor contacte al administrador, impidiendo que los pacientes obtengan su numero de atencion",Contactar al administrador del sistema segun indica el mensaje de error; revisar servicio de generacion de tickets del totem y su conectividad/integracion,GTI,media,Solucionado,resuelta,excel
IN107,Carga Masiva de Capacidad Instalada / Alma Medica,Error al confirmar carga masiva: No se encontro el ID en base de datos para un medico (Dr. Jesus Ortega Ferrer),Operacion,2026-07-20T12:00:00-04:00,"Al confirmar y guardar la carga masiva de capacidad instalada para BOX 2 - Cardiovascular (sucursal La Cisterna), el sistema arrojo el error No se encontro el ID en base de datos para Dr. Jesus Ortega Ferrer, impidiendo guardar la apertura del 07-08-2026 para ese profesional",Verificar que el Dr. Jesus Ortega Ferrer este correctamente registrado con su ID en la base de datos de medicos; corregir o crear el registro faltante para permitir la carga de su capacidad instalada,Alma / Integraciones,alta,Solucionado,resuelta,excel
IN108,Carga Masiva de Capacidad Instalada / Alma Medica,"Boxes de sucursal La Florida no tienen numero asignado, solo nombre, bloqueando la carga de capacidad instalada",Operacion,2026-07-20T12:00:00-04:00,"Al intentar cargar la capacidad instalada (agendas) de la sucursal La Florida en el modulo de Carga Masiva, los boxes de destino aparecen listados solo con nombre (ej. Scanner, Box Medicina, Ecografias Generales) pero sin numero de box asignado, a diferencia de otras sucursales. La Florida es la unica sucursal que falta por cargar, y no se puede completar sin esta informacion","Regularizar/asignar numero de box para todos los boxes de la sucursal La Florida a la brevedad, ya que bloquea la finalizacion de la carga de capacidades instaladas de todas las sucursales",Alma / Integraciones,alta,Solucionado,resuelta,excel
IN109,Agendamiento,Se estan agendando pacientes en la agenda de Catalina Hernandez pese a estar bloqueada,Operacion,2026-07-21T12:00:00-04:00,"La agenda de Catalina Hernandez se encuentra bloqueada, pero se siguen registrando reservas en ella. Caso detectado: paciente Moraga Leiva Yoseline Andrea (RUT 16648569-k), agendada el 21-07-2026 a las 14:42:58 para Ecografia Abdominal a las 15:30",Revisar por que el bloqueo de la agenda de Catalina Hernandez no impide nuevas reservas; validar si hay bloqueos duplicados o mal configurados como en IN098; anular o reagendar la reserva de la paciente afectada segun corresponda,Alma,alta,Solucionado,resuelta,excel
IN110,Agendamiento / Contact,Contact no permite agendar Medicina General; endpoint devuelve error 401 Unauthorized,Operacion,2026-07-22T12:00:00-04:00,"Al intentar agendar Medicina General desde Contact (alma.maiposalud.com/contact/pages/consultas.php), el sistema devuelve el error {""message"":""Se requiere un Token Bearer valido."",""error"":""Unauthorized"",""statusCode"":401}, bloqueando el agendamiento. Sugiere un problema de autenticacion/expiracion de token en la integracion de ese modulo, no de disponibilidad de horas","Revisar la generacion/renovacion del Token Bearer usado por Contact para consultar el endpoint de agendamiento; validar si el token expiro, no se genero correctamente, o hay un problema de configuracion de autenticacion en el API",Alma / Integraciones,alta,Solucionado,resuelta,excel
IN111,Scanner / Carestream Image Suite,Adquisicion de imagenes bloqueada por limite de licencia alcanzado,Operacion,2026-07-22T12:00:00-04:00,"El sistema Carestream Image Suite alcanzo el limite de licencia en el recuento de imagenes, bloqueando la adquisicion de nuevas imagenes. El sistema indica que solo se pueden eliminar automaticamente imagenes entregadas, eliminadas a mano o impresas mediante DICOM, y que esten terminadas y sin reservar","Liberar espacio de almacenamiento eliminando manualmente imagenes segun los criterios indicados (entregadas/impresas via DICOM, terminadas y sin reservar); evaluar si se requiere ampliar el limite de licencia de forma permanente para evitar recurrencia",GTI,alta,Solucionado,resuelta,excel
IN112,Worklist / Exámenes,Box 8 sin worklist,Operacion,2026-07-22T12:00:00-04:00,Caida en sistema,"Revisar conectividad, servicio local, cola de trabajo e integración con el sistema clínico",GTI / Alma,media,Solucionado,resuelta,excel
IN113,Infraestructura / Mac Mini,"Disco casi lleno en Mac Mini de sala de ecografia, sucursal Talagante",Operacion,2026-07-22T12:00:00-04:00,"El equipo Mac Mini de la sala de ecografia en sucursal Talagante mostro el aviso del sistema El disco esta casi lleno, sugiriendo optimizar almacenamiento","Liberar espacio en disco (eliminar archivos innecesarios, optimizar almacenamiento o ampliar capacidad); revisar si el disco lleno puede afectar el guardado de estudios de ecografia en ese equipo",GTI,baja,Solucionado,resuelta,excel
IN114,Agendamiento,Horas PM visibles; Falta disponibilidad completa en agenda.,Operacion,2026-07-24T12:00:00-04:00,"La agenda muestra solo horas de tarde disponibles, aunque la capacidad instalada indica jornada completa.",Revisar generación de bloques y publicación de disponibilidad,Alma,alta,Solucionado,resuelta,excel
IN115,Impresoras,Problema impresora box 11,Operacion,2026-07-24T12:00:00-04:00,Falla en la impresora,"Revisar equipo, se coordina revisión presencial",GTI,media,Solucionado,resuelta,excel
IN116,Ficha / Agenda,Bloqueo de emisión de informe,Operacion,2026-07-27T12:00:00-04:00,No habilita la opción para tipear/redactar informe del paciente en la plataforma (iconos de edición/lápiz deshabilitados en plomo),Revisión de estado de atención y permisos de edición en perfil médico,Alma,alta,Solucionado,resuelta,excel
IN117,Red / Conectividad,Internet caido,Operacion,2026-07-29T12:00:00-04:00,Sin internet,Monitoreo en curso; visita técnica coordinada,GTI,media,Solucionado,resuelta,excel
IN118,Totem / Bono Electronico,Totem no emite bono electronico tras finalizar venta (dos casos),Operacion,2026-07-30T12:00:00-04:00,"El mensaje de: retirar bono electronico, comprobante de pago y comprobante de respaldo de venta para finalizar en caja, pero no emitio el bono electronico; se reporto en dos ocasiones","En revision con Mobius; validar si la venta quedo registrada correctamente en Fonasa pese a no emitirse el bono, y si el paciente requiere alguna regularizacion manual",GTI / Integraciones,alta,Solucionado,resuelta,excel
IN119,Caja / Totem,Resumen de caja no suma las ventas registradas (Ingresos totales muestra $0),Operacion,2026-07-31T12:00:00-04:00,"En la caja de totem, el Resumen de caja muestra Ingresos totales $0 e Ingresos en efectivo $0, pese a existir movimientos de ingreso registrados en el listado con montos reales",Revisar el calculo/agregacion del Resumen de caja para que refleje la suma real de los movimientos de ingreso listados; validar si es un problema de refresco de datos o de la logica de calculo del total,Alma / Integraciones,alta,Solucionado,resuelta,excel
IN120,Impresoras,Impresora del Box 5 defectuosa: toma varias hojas en una sola impresion,Operacion,2026-08-01T12:00:00-04:00,La impresora del Box 5 esta defectuosa; al imprimir toma 3 hojas de papel de una sola vez en lugar de una,Revisar y reparar/ajustar el mecanismo de alimentacion de papel de la impresora; evaluar reemplazo si el problema persiste,GTI,media,,nueva,excel
IN121,Ficha Clinica / Alma,Doctora ginecologa reporta que al ingresar a un paciente se cargo informacion de otra paciente distinta,Operacion,2026-08-01T12:00:00-04:00,"La Dra. Ginecologo reporta problema al ingresar a un paciente: el sistema cargo informacion correspondiente a otra paciente distinta, mezclando datos clinicos entre dos fichas","Priorizar por riesgo clinico y de privacidad de datos de pacientes; identificar ambos RUT involucrados, revisar logs de acceso/carga de ficha, y validar que no haya quedado informacion cruzada guardada entre ambas fichas",Alma,alta,,nueva,excel
IN122,Chat Bot / Agendamiento,Calendario desconfigurado: citas llegan con fecha/hora incorrecta,Actualización,2026-08-03T12:00:00-04:00,Desfase en calendario; muestra lunes 1/8 y llegó hoy 3/8 con hora del sábado 1,Revisar lógica de cálculo de fecha/hora y zona horaria en agendamiento,GTI,media,,nueva,excel
IN123,Codepacs,Cajas y anfitriona no pueden ingresar,Actualizacion,2026-08-03T12:00:00-04:00,Solicitan clave para usuarios con cuenta activa; acceso restringido y controlado por rol,Validar función/rol en el sistema y enviar reset de clave solo por correo autorizado,GTI,media,Solucionado,resuelta,excel
IN124,Agendamiento,Calendario permite agendar con profesional no disponible,Actualizacion,2026-08-04T12:00:00-04:00,"El calendario permitió tomar hora para la Dra. Ana Piña, pese a no estar activa/disponible","Validar estado de profesional, depurar disponibilidad en calendario",Alma,media,Solucionado,resuelta,excel
IN125,Red / Conectividad,Inestabilidad intermitente en Talagante (caídas parciales),Operacion,2026-08-05T12:00:00-04:00,Inestabilidad en internet talagante,Monitoreo en curso; visita técnica coordinada,GTI,media,,nueva,excel
IN126,Totem / Bono Electronico,Intermitencia en validacion Fonasa / error al consultar pacientes,Operacion,2026-08-06T12:00:00-04:00,Intermitencia con Fonasa; recarga de aplicación no soluciona; afecta varios pacientes,Verificación con proveedor / monitoreo de servicio,GTI / Integraciones,alta,,nueva,excel
IN127,Mamografía,Equipo no dispara / error de equipo,Operacion,2026-08-06T12:00:00-04:00,Fallo en equipo de mamografía mostrado en pantalla,Revisión técnica de equipo,GTI,media,Solucionado,resuelta,excel
IN128,Red / Conectividad,Equipo box 5 sin internet,Operacion,2026-08-07T12:00:00-04:00,cable suelto,Revisión técnica de equipo,GTI,media,Solucionado,resuelta,excel
IN129,App / Agenda,Nombre de médico incorrecto en confirmación final,Operacion,2026-08-07T12:00:00-04:00,La app final muestra un profesional distinto al asignado; en la notificación aparece Dr. Juan Pérez,Validar origen de datos en agenda / integración,GTI,media,,nueva,excel
IN130,Worklist / Exámenes,Box 8 sin worklist,Operacion,2026-08-08T12:00:00-04:00,Caida en sistema,"Revisar conectividad, servicio local, cola de trabajo e integración con el sistema clínico",GTI / Alma,media,Solucionado,resuelta,excel
IN131,PACS / MWL,Problemas de conexión y visualización de estudios en sucursales La Cisterna 057 y 067,Operacion,2026-08-10T12:00:00-04:00,"Técnicos reportan problemas con PACS, MWL, CodePACS y worklist. No llegan pacientes ni se puede ingresar al sistema.","Validar estado del PACS/MWL, revisar conectividad entre sucursales y escalar a soporte técnico.",Alma / TI,alta,Solucionado,resuelta,excel
IN132,PACS / Worklist,Worklist no actualizada o sin pacientes disponibles en Talagante,Operacion,2026-08-10T12:00:00-04:00,Talagante presenta problemas para visualizar pacientes y realizar informes; técnicos deben trabajar manualmente.,"Actualizar la lista de trabajo, validar sincronización con PACS y confirmar visualización desde los equipos.",Alma / TI,alta,Solucionado,resuelta,excel
IN133,Alma,Caída o indisponibilidad temporal de Alma,Operacion,2026-08-10T12:00:00-04:00,Usuarios informan que Alma está caída y que no pueden ingresar a ningún sistema ni recibir pacientes.,"Validar disponibilidad general de Alma, revisar monitoreo y comunicar recuperación del servicio a las sucursales.",Alma / TI,alta,Solucionado,resuelta,excel
IN134,Worklist / Equipos médicos,Diferencia de actualización entre ecógrafo y equipo Mac,Operacion,2026-08-10T12:00:00-04:00,"El ecógrafo actualizó la información, pero el equipo Mac no; persiste la falta de sincronización de la lista de trabajo.","Comparar configuración de ambos equipos, actualizar worklist y revisar conectividad del Mac con PACS/MWL.",TI / PACS,alta,Solucionado,resuelta,excel
IN135,Box 14 / Ecografía La Cisterna,Error en la llamada: “No se encontraron pantallas en la petición” al llamar pacientes,Operación,2026-08-11T12:00:00-04:00,"La pantalla de llamada devuelve un error al intentar llamar pacientes desde Box 14, impidiendo avanzar con el flujo de atención",Revisar configuración de pantallas asociadas a la petición y validar integración del módulo de llamado,GTI / Integraciones,media,Solucionado,resuelta,excel
IN136,Tótem / Pagos / Acceso al sistema,Tótem de Talagante no permite completar pagos y posteriormente no permite ingresar al sistema,Operación,2026-08-11T12:00:00-04:00,"La transacción no se realiza al momento del pago. El problema afecta a varios pacientes. Posteriormente, se informa que el sistema tampoco permite ingresar. Aún no se cuenta con captura ni mensaje de error específico.","Solicitar captura o código de error; identificar si el problema afecta a todos los tótems o solo a Talagante; revisar integración de pago, conectividad y disponibilidad de la plataforma; validar si existe una caída general del sistema",GTI / Integraciones / Alma,alta,Solucionado,resuelta,excel
IN137,Caja / Convenios,El nombre del convenio seleccionado y pagado no aparece en el consolidado de caja,Requerimiento,2026-08-14T12:00:00-04:00,"El sistema permite seleccionar y pagar un convenio, pero el consolidado de caja no muestra el nombre del convenio.",Guardar el ID del convenio y mostrar su nombre en el consolidado de caja. Requiere ajustes en frontend y backend.,Alma / Integraciones,media,,nueva,excel
